[
{
    "fields": {
        "name": "leaders",
        "permissions": []
    },
    "model": "auth.group",
    "pk": 1
},
{
    "fields": {
        "name": "users_with_info",
        "permissions": []
    },
    "model": "auth.group",
    "pk": 2
},
{
    "fields": {
        "name": "WSC",
        "permissions": []
    },
    "model": "auth.group",
    "pk": 3
},
{
    "fields": {
        "name": "WIMP",
        "permissions": []
    },
    "model": "auth.group",
    "pk": 4
},
{
    "fields": {
        "name": "climbing_chair",
        "permissions": []
    },
    "model": "auth.group",
    "pk": 5
},
{
    "fields": {
        "name": "hiking_chair",
        "permissions": []
    },
    "model": "auth.group",
    "pk": 6
},
{
    "fields": {
        "name": "biking_chair",
        "permissions": []
    },
    "model": "auth.group",
    "pk": 7
},
{
    "fields": {
        "name": "boating_chair",
        "permissions": []
    },
    "model": "auth.group",
    "pk": 8
},
{
    "fields": {
        "name": "cabin_chair",
        "permissions": []
    },
    "model": "auth.group",
    "pk": 9
},
{
    "fields": {
        "username": "hanna",
        "first_name": "",
        "last_name": "",
        "is_active": true,
        "is_superuser": true,
        "is_staff": true,
        "last_login": "2016-10-08T05:15:19.129Z",
        "groups": [
            1,
            2
        ],
        "user_permissions": [],
        "password": "foobar",
        "email": "hanna_hollowell@example.com",
        "date_joined": "2014-10-23T20:48:58Z"
    },
    "model": "auth.user",
    "pk": 1
},
{
    "fields": {
        "username": "ashley",
        "first_name": "",
        "last_name": "",
        "is_active": true,
        "is_superuser": true,
        "is_staff": true,
        "last_login": "2016-08-25T18:20:08.264Z",
        "groups": [
            1,
            2
        ],
        "user_permissions": [],
        "password": "foobar",
        "email": "ashley_alexis@example.com",
        "date_joined": "2014-10-23T20:56:32Z"
    },
    "model": "auth.user",
    "pk": 2
},
{
    "fields": {
        "username": "linn",
        "first_name": "",
        "last_name": "",
        "is_active": true,
        "is_superuser": false,
        "is_staff": false,
        "last_login": "2016-09-02T03:27:56.041Z",
        "groups": [
            2
        ],
        "user_permissions": [],
        "password": "foobar",
        "email": "linn_luckie@example.com",
        "date_joined": "2014-10-27T14:37:49Z"
    },
    "model": "auth.user",
    "pk": 15
},
{
    "fields": {
        "username": "jeannie",
        "first_name": "",
        "last_name": "",
        "is_active": true,
        "is_superuser": false,
        "is_staff": false,
        "last_login": "2016-08-30T20:51:54.703Z",
        "groups": [
            1,
            2,
            7
        ],
        "user_permissions": [],
        "password": "foobar",
        "email": "jeannie_jenning@example.com",
        "date_joined": "2014-10-27T19:08:18Z"
    },
    "model": "auth.user",
    "pk": 41
},
{
    "fields": {
        "username": "rosann",
        "first_name": "",
        "last_name": "",
        "is_active": true,
        "is_superuser": false,
        "is_staff": false,
        "last_login": "2016-09-05T20:41:51.088Z",
        "groups": [
            1,
            2,
            3,
            5
        ],
        "user_permissions": [],
        "password": "foobar",
        "email": "rosann_rabalais@example.com",
        "date_joined": "2014-10-28T17:22:50Z"
    },
    "model": "auth.user",
    "pk": 52
},
{
    "fields": {
        "username": "nicky",
        "first_name": "",
        "last_name": "",
        "is_active": true,
        "is_superuser": false,
        "is_staff": false,
        "last_login": "2016-09-03T07:10:13.725Z",
        "groups": [
            1,
            2
        ],
        "user_permissions": [],
        "password": "foobar",
        "email": "nicky_noland@example.com",
        "date_joined": "2014-10-30T21:28:59Z"
    },
    "model": "auth.user",
    "pk": 69
},
{
    "fields": {
        "username": "rima",
        "first_name": "",
        "last_name": "",
        "is_active": true,
        "is_superuser": false,
        "is_staff": false,
        "last_login": "2016-09-05T19:20:43.999Z",
        "groups": [
            1,
            2
        ],
        "user_permissions": [],
        "password": "foobar",
        "email": "rima_ruhland@example.com",
        "date_joined": "2014-10-31T00:46:06Z"
    },
    "model": "auth.user",
    "pk": 75
},
{
    "fields": {
        "username": "rosio",
        "first_name": "",
        "last_name": "",
        "is_active": true,
        "is_superuser": false,
        "is_staff": false,
        "last_login": "2016-01-31T11:32:04Z",
        "groups": [
            2
        ],
        "user_permissions": [],
        "password": "foobar",
        "email": "rosio_rhoda@example.com",
        "date_joined": "2014-12-01T00:25:45Z"
    },
    "model": "auth.user",
    "pk": 117
},
{
    "fields": {
        "username": "nobuko",
        "first_name": "",
        "last_name": "",
        "is_active": true,
        "is_superuser": false,
        "is_staff": false,
        "last_login": "2016-08-23T22:25:06.926Z",
        "groups": [
            9,
            2,
            3,
            6,
            1
        ],
        "user_permissions": [],
        "password": "foobar",
        "email": "nobuko_nalls@example.com",
        "date_joined": "2014-12-05T14:13:30Z"
    },
    "model": "auth.user",
    "pk": 124
},
{
    "fields": {
        "username": "delphia",
        "first_name": "",
        "last_name": "",
        "is_active": true,
        "is_superuser": false,
        "is_staff": false,
        "last_login": "2016-08-30T18:13:41.238Z",
        "groups": [
            1,
            2
        ],
        "user_permissions": [],
        "password": "foobar",
        "email": "delphia_davison@example.com",
        "date_joined": "2015-01-05T22:11:16Z"
    },
    "model": "auth.user",
    "pk": 222
},
{
    "fields": {
        "username": "karyn",
        "first_name": "",
        "last_name": "",
        "is_active": true,
        "is_superuser": false,
        "is_staff": false,
        "last_login": "2016-09-02T21:24:48.908Z",
        "groups": [
            2
        ],
        "user_permissions": [],
        "password": "foobar",
        "email": "karyn_kottwitz@example.com",
        "date_joined": "2015-01-06T00:04:19Z"
    },
    "model": "auth.user",
    "pk": 247
},
{
    "fields": {
        "username": "katy",
        "first_name": "",
        "last_name": "",
        "is_active": true,
        "is_superuser": false,
        "is_staff": false,
        "last_login": "2016-09-04T21:50:05.413Z",
        "groups": [
            1,
            2
        ],
        "user_permissions": [],
        "password": "foobar",
        "email": "katy_kunz@example.com",
        "date_joined": "2015-01-06T23:02:41Z"
    },
    "model": "auth.user",
    "pk": 342
},
{
    "fields": {
        "username": "ayanna",
        "first_name": "",
        "last_name": "",
        "is_active": true,
        "is_superuser": false,
        "is_staff": false,
        "last_login": "2016-08-25T18:59:12.265Z",
        "groups": [
            2
        ],
        "user_permissions": [],
        "password": "foobar",
        "email": "ayanna_anker@example.com",
        "date_joined": "2015-01-07T03:22:55Z"
    },
    "model": "auth.user",
    "pk": 395
},
{
    "fields": {
        "username": "hiedi",
        "first_name": "",
        "last_name": "",
        "is_active": true,
        "is_superuser": false,
        "is_staff": false,
        "last_login": "2016-09-02T21:07:33.222Z",
        "groups": [
            1,
            2,
            9
        ],
        "user_permissions": [],
        "password": "foobar",
        "email": "hiedi_hoffmann@example.com",
        "date_joined": "2015-11-10T16:17:11Z"
    },
    "model": "auth.user",
    "pk": 534
},
{
    "fields": {
        "username": "wilmer",
        "first_name": "",
        "last_name": "",
        "is_active": true,
        "is_superuser": false,
        "is_staff": false,
        "last_login": "2016-09-04T22:11:37.560Z",
        "groups": [
            2
        ],
        "user_permissions": [],
        "password": "foobar",
        "email": "wilmer_warrick@example.com",
        "date_joined": "2015-12-15T21:39:53Z"
    },
    "model": "auth.user",
    "pk": 558
},
{
    "fields": {
        "username": "cristie",
        "first_name": "",
        "last_name": "",
        "is_active": true,
        "is_superuser": false,
        "is_staff": false,
        "last_login": "2016-07-04T23:16:07.946Z",
        "groups": [
            2
        ],
        "user_permissions": [],
        "password": "foobar",
        "email": "cristie_crossett@example.com",
        "date_joined": "2016-01-05T19:16:51Z"
    },
    "model": "auth.user",
    "pk": 617
},
{
    "fields": {
        "username": "ettie",
        "first_name": "",
        "last_name": "",
        "is_active": true,
        "is_superuser": false,
        "is_staff": false,
        "last_login": "2016-09-04T11:29:46.510Z",
        "groups": [
            2
        ],
        "user_permissions": [],
        "password": "foobar",
        "email": "ettie_embree@example.com",
        "date_joined": "2016-01-06T00:29:41Z"
    },
    "model": "auth.user",
    "pk": 660
},
{
    "fields": {
        "username": "eugenio",
        "first_name": "",
        "last_name": "",
        "is_active": true,
        "is_superuser": false,
        "is_staff": false,
        "last_login": "2016-09-05T12:07:25.222Z",
        "groups": [
            2
        ],
        "user_permissions": [],
        "password": "foobar",
        "email": "eugenio_eadie@example.com",
        "date_joined": "2016-01-06T05:53:17Z"
    },
    "model": "auth.user",
    "pk": 706
},
{
    "fields": {
        "username": "malcolm",
        "first_name": "",
        "last_name": "",
        "is_active": true,
        "is_superuser": false,
        "is_staff": false,
        "last_login": "2016-01-27T04:10:36Z",
        "groups": [
            2
        ],
        "user_permissions": [],
        "password": "foobar",
        "email": "malcolm_morello@example.com",
        "date_joined": "2016-01-06T17:57:21Z"
    },
    "model": "auth.user",
    "pk": 748
},
{
    "fields": {
        "username": "lolita",
        "first_name": "",
        "last_name": "",
        "is_active": true,
        "is_superuser": false,
        "is_staff": false,
        "last_login": "2016-05-16T16:43:56Z",
        "groups": [
            2
        ],
        "user_permissions": [],
        "password": "foobar",
        "email": "lolita_lavallie@example.com",
        "date_joined": "2016-01-06T18:57:13Z"
    },
    "model": "auth.user",
    "pk": 749
},
{
    "fields": {
        "username": "nevada",
        "first_name": "",
        "last_name": "",
        "is_active": true,
        "is_superuser": false,
        "is_staff": false,
        "last_login": "2016-09-04T22:01:46.056Z",
        "groups": [
            2
        ],
        "user_permissions": [],
        "password": "foobar",
        "email": "nevada_null@example.com",
        "date_joined": "2016-02-17T15:51:19Z"
    },
    "model": "auth.user",
    "pk": 833
},
{
    "fields": {
        "username": "chantell",
        "first_name": "",
        "last_name": "",
        "is_active": true,
        "is_superuser": false,
        "is_staff": false,
        "last_login": "2016-09-03T23:48:17.932Z",
        "groups": [
            1,
            2
        ],
        "user_permissions": [],
        "password": "foobar",
        "email": "chantell_crowl@example.com",
        "date_joined": "2016-02-21T03:42:33Z"
    },
    "model": "auth.user",
    "pk": 858
},
{
    "fields": {
        "username": "winnifred",
        "first_name": "",
        "last_name": "",
        "is_active": true,
        "is_superuser": false,
        "is_staff": false,
        "last_login": "2016-08-31T13:56:00.758Z",
        "groups": [
            1,
            2
        ],
        "user_permissions": [],
        "password": "foobar",
        "email": "winnifred_wojtczak@example.com",
        "date_joined": "2016-04-28T14:32:15Z"
    },
    "model": "auth.user",
    "pk": 901
},
{
    "fields": {
        "username": "terina",
        "first_name": "",
        "last_name": "",
        "is_active": true,
        "is_superuser": false,
        "is_staff": false,
        "last_login": "2016-09-02T17:21:00.616Z",
        "groups": [
            1,
            2,
            5
        ],
        "user_permissions": [],
        "password": "foobar",
        "email": "terina_thakkar@example.com",
        "date_joined": "2016-04-29T16:26:12Z"
    },
    "model": "auth.user",
    "pk": 902
},
{
    "fields": {
        "username": "alvera",
        "first_name": "",
        "last_name": "",
        "is_active": true,
        "is_superuser": false,
        "is_staff": false,
        "last_login": "2016-09-05T01:06:15.837Z",
        "groups": [
            2
        ],
        "user_permissions": [],
        "password": "foobar",
        "email": "alvera_atencio@example.com",
        "date_joined": "2016-05-16T14:00:12Z"
    },
    "model": "auth.user",
    "pk": 1004
},
{
    "fields": {
        "username": "margaretta",
        "first_name": "",
        "last_name": "",
        "is_active": true,
        "is_superuser": false,
        "is_staff": false,
        "last_login": "2016-08-28T13:38:46.311Z",
        "groups": [
            8,
            2,
            1
        ],
        "user_permissions": [],
        "password": "foobar",
        "email": "margaretta_mayhan@example.com",
        "date_joined": "2016-05-19T19:43:53Z"
    },
    "model": "auth.user",
    "pk": 1062
},
{
    "fields": {
        "username": "jonah",
        "first_name": "",
        "last_name": "",
        "is_active": true,
        "is_superuser": false,
        "is_staff": false,
        "last_login": "2016-09-05T20:48:43.745Z",
        "groups": [
            2
        ],
        "user_permissions": [],
        "password": "foobar",
        "email": "jonah_jacks@example.com",
        "date_joined": "2016-06-08T03:24:31.045Z"
    },
    "model": "auth.user",
    "pk": 1122
},
{
    "fields": {
        "username": "karly",
        "first_name": "",
        "last_name": "",
        "is_active": true,
        "is_superuser": false,
        "is_staff": false,
        "last_login": "2016-08-24T18:13:24.698Z",
        "groups": [
            8,
            2,
            1
        ],
        "user_permissions": [],
        "password": "foobar",
        "email": "karly_kowal@example.com",
        "date_joined": "2016-06-10T17:33:29Z"
    },
    "model": "auth.user",
    "pk": 1128
},
{
    "fields": {
        "username": "lily",
        "first_name": "",
        "last_name": "",
        "is_active": true,
        "is_superuser": false,
        "is_staff": false,
        "last_login": "2016-08-23T13:50:46.372Z",
        "groups": [
            8,
            2,
            1
        ],
        "user_permissions": [],
        "password": "foobar",
        "email": "lily_laroque@example.com",
        "date_joined": "2016-06-13T15:14:29Z"
    },
    "model": "auth.user",
    "pk": 1139
},
{
    "fields": {
        "username": "valentin",
        "first_name": "",
        "last_name": "",
        "is_active": true,
        "is_superuser": false,
        "is_staff": false,
        "last_login": "2016-06-23T03:43:12.234Z",
        "groups": [
            2
        ],
        "user_permissions": [],
        "password": "foobar",
        "email": "valentin_vicini@example.com",
        "date_joined": "2016-06-17T19:26:17.379Z"
    },
    "model": "auth.user",
    "pk": 1148
},
{
    "fields": {
        "username": "aide",
        "first_name": "",
        "last_name": "",
        "is_active": true,
        "is_superuser": false,
        "is_staff": false,
        "last_login": "2016-09-05T07:29:00.439Z",
        "groups": [
            2
        ],
        "user_permissions": [],
        "password": "foobar",
        "email": "aide_ali@example.com",
        "date_joined": "2016-06-20T16:20:41.969Z"
    },
    "model": "auth.user",
    "pk": 1161
},
{
    "fields": {
        "username": "claire",
        "first_name": "",
        "last_name": "",
        "is_active": true,
        "is_superuser": false,
        "is_staff": false,
        "last_login": "2016-09-04T22:24:36.739Z",
        "groups": [
            2
        ],
        "user_permissions": [],
        "password": "foobar",
        "email": "claire_costas@example.com",
        "date_joined": "2016-06-21T04:48:08.961Z"
    },
    "model": "auth.user",
    "pk": 1166
},
{
    "fields": {
        "username": "becki",
        "first_name": "",
        "last_name": "",
        "is_active": true,
        "is_superuser": false,
        "is_staff": false,
        "last_login": "2016-06-24T16:13:10.132Z",
        "groups": [
            2
        ],
        "user_permissions": [],
        "password": "foobar",
        "email": "becki_brashears@example.com",
        "date_joined": "2016-06-24T16:12:53.326Z"
    },
    "model": "auth.user",
    "pk": 1180
},
{
    "fields": {
        "username": "blaine",
        "first_name": "",
        "last_name": "",
        "is_active": true,
        "is_superuser": false,
        "is_staff": false,
        "last_login": "2016-09-04T21:43:31.998Z",
        "groups": [
            2
        ],
        "user_permissions": [],
        "password": "foobar",
        "email": "blaine_benner@example.com",
        "date_joined": "2016-07-17T01:30:39.902Z"
    },
    "model": "auth.user",
    "pk": 1255
},
{
    "fields": {
        "username": "natashia",
        "first_name": "",
        "last_name": "",
        "is_active": true,
        "is_superuser": false,
        "is_staff": false,
        "last_login": "2016-08-06T02:35:28.970Z",
        "groups": [
            1,
            2
        ],
        "user_permissions": [],
        "password": "foobar",
        "email": "natashia_nesler@example.com",
        "date_joined": "2016-07-23T18:16:38.333Z"
    },
    "model": "auth.user",
    "pk": 1269
},
{
    "fields": {
        "username": "kathie",
        "first_name": "",
        "last_name": "",
        "is_active": true,
        "is_superuser": false,
        "is_staff": false,
        "last_login": "2016-08-30T17:35:46.178Z",
        "groups": [
            2
        ],
        "user_permissions": [],
        "password": "foobar",
        "email": "kathie_kitzman@example.com",
        "date_joined": "2016-07-23T22:29:17.877Z"
    },
    "model": "auth.user",
    "pk": 1272
},
{
    "fields": {
        "username": "lorilee",
        "first_name": "",
        "last_name": "",
        "is_active": true,
        "is_superuser": false,
        "is_staff": false,
        "last_login": "2016-09-05T00:12:06.219Z",
        "groups": [
            2
        ],
        "user_permissions": [],
        "password": "foobar",
        "email": "lorilee_lineman@example.com",
        "date_joined": "2016-07-26T14:00:44.812Z"
    },
    "model": "auth.user",
    "pk": 1285
},
{
    "fields": {
        "username": "marco",
        "first_name": "",
        "last_name": "",
        "is_active": true,
        "is_superuser": false,
        "is_staff": false,
        "last_login": "2016-08-30T22:12:17.878Z",
        "groups": [
            2
        ],
        "user_permissions": [],
        "password": "foobar",
        "email": "marco_masi@example.com",
        "date_joined": "2016-08-30T22:12:01.307Z"
    },
    "model": "auth.user",
    "pk": 1398
},
{
    "fields": {
        "username": "eleanora",
        "first_name": "",
        "last_name": "",
        "is_active": true,
        "is_superuser": false,
        "is_staff": false,
        "last_login": "2016-09-02T12:35:17.831Z",
        "groups": [
            2
        ],
        "user_permissions": [],
        "password": "foobar",
        "email": "eleanora_everts@example.com",
        "date_joined": "2016-09-02T12:34:45.237Z"
    },
    "model": "auth.user",
    "pk": 1417
},
{
    "fields": {
        "username": "margene",
        "first_name": "",
        "last_name": "",
        "is_active": true,
        "is_superuser": false,
        "is_staff": false,
        "last_login": "2016-09-02T23:07:11.984Z",
        "groups": [
            2
        ],
        "user_permissions": [],
        "password": "foobar",
        "email": "margene_mosby@example.com",
        "date_joined": "2016-09-02T23:06:43.367Z"
    },
    "model": "auth.user",
    "pk": 1426
},
{
    "fields": {
        "username": "laurene",
        "first_name": "",
        "last_name": "",
        "is_active": true,
        "is_superuser": false,
        "is_staff": false,
        "last_login": "2016-09-04T21:44:20.515Z",
        "groups": [
            2
        ],
        "user_permissions": [],
        "password": "foobar",
        "email": "laurene_le@example.com",
        "date_joined": "2016-09-03T23:55:12.421Z"
    },
    "model": "auth.user",
    "pk": 1441
},
{
    "fields": {
        "username": "chester",
        "first_name": "",
        "last_name": "",
        "is_active": true,
        "is_superuser": false,
        "is_staff": false,
        "last_login": "2016-09-04T21:31:35.362Z",
        "groups": [
            2
        ],
        "user_permissions": [],
        "password": "foobar",
        "email": "chester_clopton@example.com",
        "date_joined": "2016-09-04T21:30:21.555Z"
    },
    "model": "auth.user",
    "pk": 1449
},
{
    "fields": {
        "username": "corrine",
        "first_name": "",
        "last_name": "",
        "is_active": true,
        "is_superuser": false,
        "is_staff": false,
        "last_login": "2016-09-04T21:49:54.352Z",
        "groups": [
            2
        ],
        "user_permissions": [],
        "password": "foobar",
        "email": "corrine_cravey@example.com",
        "date_joined": "2016-09-04T21:49:33.509Z"
    },
    "model": "auth.user",
    "pk": 1454
},
{
    "fields": {
        "username": "anette",
        "first_name": "",
        "last_name": "",
        "is_active": true,
        "is_superuser": false,
        "is_staff": false,
        "last_login": "2016-09-05T20:55:02.031Z",
        "groups": [
            2
        ],
        "user_permissions": [],
        "password": "foobar",
        "email": "anette_alcazar@example.com",
        "date_joined": "2016-09-05T01:46:13.450Z"
    },
    "model": "auth.user",
    "pk": 1472
},
{
    "fields": {
        "username": "latia",
        "first_name": "",
        "last_name": "",
        "is_active": true,
        "is_superuser": false,
        "is_staff": false,
        "last_login": "2016-09-05T04:03:07.131Z",
        "groups": [
            2
        ],
        "user_permissions": [],
        "password": "foobar",
        "email": "latia_lisby@example.com",
        "date_joined": "2016-09-05T04:02:22.330Z"
    },
    "model": "auth.user",
    "pk": 1477
},
{
    "fields": {
        "username": "sha",
        "first_name": "",
        "last_name": "",
        "is_active": true,
        "is_superuser": false,
        "is_staff": false,
        "last_login": "2016-09-05T20:00:16.693Z",
        "groups": [
            2
        ],
        "user_permissions": [],
        "password": "foobar",
        "email": "sha_swiney@example.com",
        "date_joined": "2016-09-05T19:59:40.242Z"
    },
    "model": "auth.user",
    "pk": 1492
},
{
    "fields": {
        "color": "Black",
        "make": "Chevy",
        "license_plate": "433IVC",
        "state": "MA",
        "year": 2009,
        "model": "Tahoe"
    },
    "model": "ws.car",
    "pk": 257
},
{
    "fields": {
        "color": "Yellow",
        "make": "Toyota",
        "license_plate": "741LHK",
        "state": "TX",
        "year": 1989,
        "model": "Camry"
    },
    "model": "ws.car",
    "pk": 258
},
{
    "fields": {
        "color": "Yellow",
        "make": "Hummer",
        "license_plate": "179ILL",
        "state": "MA",
        "year": 1993,
        "model": "H1"
    },
    "model": "ws.car",
    "pk": 371
},
{
    "fields": {
        "cell_phone": "785-555-6601",
        "name": "Tiana Konecny",
        "relationship": "Friend",
        "email": "tiana_konecny@example.com"
    },
    "model": "ws.emergencycontact",
    "pk": 1
},
{
    "fields": {
        "cell_phone": "707-555-1794",
        "name": "Kevin Lawrence",
        "relationship": "Father",
        "email": "kevin_lawrence@example.com"
    },
    "model": "ws.emergencycontact",
    "pk": 3
},
{
    "fields": {
        "cell_phone": "262-555-4261",
        "name": "Barrett Ashworth",
        "relationship": "Roommate",
        "email": "barrett_ashworth@example.com"
    },
    "model": "ws.emergencycontact",
    "pk": 8
},
{
    "fields": {
        "cell_phone": "918-555-8554",
        "name": "Christi Ferris",
        "relationship": "Partner",
        "email": "christi_ferris@example.com"
    },
    "model": "ws.emergencycontact",
    "pk": 15
},
{
    "fields": {
        "cell_phone": "229-555-3209",
        "name": "Colette Shackelford",
        "relationship": "Spouse",
        "email": "colette_shackelford@example.com"
    },
    "model": "ws.emergencycontact",
    "pk": 19
},
{
    "fields": {
        "cell_phone": "785-555-7136",
        "name": "Jordon Kary",
        "relationship": "Significant Other",
        "email": "jordon_kary@example.com"
    },
    "model": "ws.emergencycontact",
    "pk": 45
},
{
    "fields": {
        "cell_phone": "424-555-5341",
        "name": "Lashandra Bernardi",
        "relationship": "Spouse",
        "email": "lashandra_bernardi@example.com"
    },
    "model": "ws.emergencycontact",
    "pk": 52
},
{
    "fields": {
        "cell_phone": "478-555-4168",
        "name": "Maryellen Luken",
        "relationship": "Parent",
        "email": "maryellen_luken@example.com"
    },
    "model": "ws.emergencycontact",
    "pk": 66
},
{
    "fields": {
        "cell_phone": "904-555-1151",
        "name": "Tomasa Gregson",
        "relationship": "Partner",
        "email": "tomasa_gregson@example.com"
    },
    "model": "ws.emergencycontact",
    "pk": 73
},
{
    "fields": {
        "cell_phone": "267-555-7039",
        "name": "Emily Watkins",
        "relationship": "sister",
        "email": "emily_watkins@example.com"
    },
    "model": "ws.emergencycontact",
    "pk": 113
},
{
    "fields": {
        "cell_phone": "415-555-2068",
        "name": "Denny Migl",
        "relationship": "Father",
        "email": "denny_migl@example.com"
    },
    "model": "ws.emergencycontact",
    "pk": 120
},
{
    "fields": {
        "cell_phone": "209-555-9514",
        "name": "Margaret Bennett",
        "relationship": "Girlfriend",
        "email": "margaret_bennett@example.com"
    },
    "model": "ws.emergencycontact",
    "pk": 150
},
{
    "fields": {
        "cell_phone": "310-555-9217",
        "name": "Pamela Koster",
        "relationship": "Mother",
        "email": "pamela_koster@example.com"
    },
    "model": "ws.emergencycontact",
    "pk": 173
},
{
    "fields": {
        "cell_phone": "734-555-7060",
        "name": "Linda Russell",
        "relationship": "Mother",
        "email": "linda_russell@example.com"
    },
    "model": "ws.emergencycontact",
    "pk": 212
},
{
    "fields": {
        "cell_phone": "516-555-2514",
        "name": "Amanda Lee",
        "relationship": "roommate",
        "email": "amanda_lee@example.com"
    },
    "model": "ws.emergencycontact",
    "pk": 228
},
{
    "fields": {
        "cell_phone": "574-555-7256",
        "name": "Marcio Correa",
        "relationship": "friend",
        "email": "marcio_correa@example.com"
    },
    "model": "ws.emergencycontact",
    "pk": 264
},
{
    "fields": {
        "cell_phone": "919-555-4318",
        "name": "Rosemarie Melissa",
        "relationship": "Mother",
        "email": "rosemarie_melissa@example.com"
    },
    "model": "ws.emergencycontact",
    "pk": 315
},
{
    "fields": {
        "cell_phone": "212-555-8572",
        "name": "Ben Judge",
        "relationship": "housemate",
        "email": "ben_judge@example.com"
    },
    "model": "ws.emergencycontact",
    "pk": 342
},
{
    "fields": {
        "cell_phone": "661-555-2727",
        "name": "Andrei Sourakov",
        "relationship": "father",
        "email": "andrei_sourakov@example.com"
    },
    "model": "ws.emergencycontact",
    "pk": 361
},
{
    "fields": {
        "cell_phone": "413-555-2069",
        "name": "Sandee Johnson",
        "relationship": "Sister",
        "email": "sandee_johnson@example.com"
    },
    "model": "ws.emergencycontact",
    "pk": 492
},
{
    "fields": {
        "cell_phone": "419-555-7015",
        "name": "Betsy Douberley",
        "relationship": "Mother",
        "email": "betsy_douberley@example.com"
    },
    "model": "ws.emergencycontact",
    "pk": 504
},
{
    "fields": {
        "cell_phone": "430-555-3015",
        "name": "Stefany Eck",
        "relationship": "Mom",
        "email": "stefany_eck@example.com"
    },
    "model": "ws.emergencycontact",
    "pk": 511
},
{
    "fields": {
        "cell_phone": "303-555-2313",
        "name": "Kym Roley",
        "relationship": "mother ",
        "email": "kym_roley@example.com"
    },
    "model": "ws.emergencycontact",
    "pk": 525
},
{
    "fields": {
        "cell_phone": "240-555-9268",
        "name": "Li-Hua Lin",
        "relationship": "mother",
        "email": "li-hua_lin@example.com"
    },
    "model": "ws.emergencycontact",
    "pk": 654
},
{
    "fields": {
        "cell_phone": "219-555-3252",
        "name": "Tyler Hamer",
        "relationship": "Friend from living group",
        "email": "tyler_hamer@example.com"
    },
    "model": "ws.emergencycontact",
    "pk": 693
},
{
    "fields": {
        "cell_phone": "601-555-8280",
        "name": "Clara Haignere",
        "relationship": "Mother",
        "email": "clara_haignere@example.com"
    },
    "model": "ws.emergencycontact",
    "pk": 719
},
{
    "fields": {
        "cell_phone": "872-555-2491",
        "name": "avi rakhsha",
        "relationship": "dad",
        "email": "avi_rakhsha@example.com"
    },
    "model": "ws.emergencycontact",
    "pk": 721
},
{
    "fields": {
        "cell_phone": "386-555-8294",
        "name": "Maria Rowley",
        "relationship": "Mom",
        "email": "maria_rowley@example.com"
    },
    "model": "ws.emergencycontact",
    "pk": 735
},
{
    "fields": {
        "cell_phone": "901-555-8998",
        "name": "Andrea Kinnard",
        "relationship": "mother",
        "email": "andrea_kinnard@example.com"
    },
    "model": "ws.emergencycontact",
    "pk": 764
},
{
    "fields": {
        "cell_phone": "970-555-5842",
        "name": "Debbie Brent",
        "relationship": "mother",
        "email": "debbie_brent@example.com"
    },
    "model": "ws.emergencycontact",
    "pk": 782
},
{
    "fields": {
        "cell_phone": "720-555-5572",
        "name": "Linda Attarian",
        "relationship": "mom",
        "email": "linda_attarian@example.com"
    },
    "model": "ws.emergencycontact",
    "pk": 785
},
{
    "fields": {
        "cell_phone": "208-555-7211",
        "name": "Boni Bratvold",
        "relationship": "mother",
        "email": "boni_bratvold@example.com"
    },
    "model": "ws.emergencycontact",
    "pk": 811
},
{
    "fields": {
        "cell_phone": "936-555-2542",
        "name": "Lisa Ciarlo",
        "relationship": "Mother",
        "email": "lisa_ciarlo@example.com"
    },
    "model": "ws.emergencycontact",
    "pk": 812
},
{
    "fields": {
        "cell_phone": "531-555-8150",
        "name": "Nancy Bageant",
        "relationship": "Mother",
        "email": "nancy_bageant@example.com"
    },
    "model": "ws.emergencycontact",
    "pk": 813
},
{
    "fields": {
        "cell_phone": "203-555-5452",
        "name": "Alex Charidis",
        "relationship": "friend",
        "email": "alex_charidis@example.com"
    },
    "model": "ws.emergencycontact",
    "pk": 886
},
{
    "fields": {
        "cell_phone": "978-555-8480",
        "name": "Vera Schroeder",
        "relationship": "Friend",
        "email": "vera_schroeder@example.com"
    },
    "model": "ws.emergencycontact",
    "pk": 976
},
{
    "fields": {
        "cell_phone": "706-555-6247",
        "name": "Karen Achorn",
        "relationship": "Mother",
        "email": "karen_achorn@example.com"
    },
    "model": "ws.emergencycontact",
    "pk": 977
},
{
    "fields": {
        "cell_phone": "509-555-2998",
        "name": "Kathleen White",
        "relationship": "Girlfriend ",
        "email": "kathleen_white@example.com"
    },
    "model": "ws.emergencycontact",
    "pk": 980
},
{
    "fields": {
        "cell_phone": "623-555-4750",
        "name": "Lily",
        "relationship": "aunt ",
        "email": "lily@example.com"
    },
    "model": "ws.emergencycontact",
    "pk": 982
},
{
    "fields": {
        "cell_phone": "618-555-9149",
        "name": "Teal Stannard",
        "relationship": "sister",
        "email": "teal_stannard@example.com"
    },
    "model": "ws.emergencycontact",
    "pk": 991
},
{
    "fields": {
        "cell_phone": "458-555-1443",
        "name": "Christina Yi",
        "relationship": "GF",
        "email": "christina_yi@example.com"
    },
    "model": "ws.emergencycontact",
    "pk": 1002
},
{
    "fields": {
        "cell_phone": "929-555-5627",
        "name": "Michael Trippe",
        "relationship": "Father",
        "email": "michael_trippe@example.com"
    },
    "model": "ws.emergencycontact",
    "pk": 1018
},
{
    "fields": {
        "cell_phone": "660-555-7477",
        "name": "Christopher Records",
        "relationship": "Father",
        "email": "christopher_records@example.com"
    },
    "model": "ws.emergencycontact",
    "pk": 1044
},
{
    "fields": {
        "cell_phone": "757-555-3795",
        "name": "Aleksandra Borshchenko",
        "relationship": "Mother",
        "email": "aleksandra_borshchenko@example.com"
    },
    "model": "ws.emergencycontact",
    "pk": 1076
},
{
    "fields": {
        "cell_phone": "787-555-7436",
        "name": "Bruce Philipoom",
        "relationship": "father",
        "email": "bruce_philipoom@example.com"
    },
    "model": "ws.emergencycontact",
    "pk": 1092
},
{
    "fields": {
        "cell_phone": "971-555-1490",
        "name": "Zach Gordon",
        "relationship": "boyfriend",
        "email": "zach_gordon@example.com"
    },
    "model": "ws.emergencycontact",
    "pk": 1095
},
{
    "fields": {
        "cell_phone": "601-555-2857",
        "name": "Valentino Sudaryo",
        "relationship": "Friend",
        "email": "valentino_sudaryo@example.com"
    },
    "model": "ws.emergencycontact",
    "pk": 1110
},
{
    "fields": {
        "cell_phone": "781-555-8168",
        "name": "Ateya Khorakiwala",
        "relationship": "Spouse",
        "email": "ateya_khorakiwala@example.com"
    },
    "model": "ws.emergencycontact",
    "pk": 1177
},
{
    "fields": {
        "cell_phone": "320-555-7602",
        "name": "patti devlin",
        "relationship": "mom",
        "email": "patti_devlin@example.com"
    },
    "model": "ws.emergencycontact",
    "pk": 1217
},
{
    "fields": {
        "cell_phone": "425-555-7321",
        "name": "Jia Liu",
        "relationship": "Friend",
        "email": "jia_liu@example.com"
    },
    "model": "ws.emergencycontact",
    "pk": 1236
},
{
    "fields": {
        "cell_phone": "610-555-6486",
        "name": "Mary Rosenzweig",
        "relationship": "Mother",
        "email": "mary_rosenzweig@example.com"
    },
    "model": "ws.emergencycontact",
    "pk": 1245
},
{
    "fields": {
        "cell_phone": "302-555-5757",
        "name": "Wenjia Wang",
        "relationship": "Girlfriend",
        "email": "wenjia_wang@example.com"
    },
    "model": "ws.emergencycontact",
    "pk": 1258
},
{
    "fields": {
        "cell_phone": "307-555-2722",
        "name": "Myron Majors",
        "relationship": "Father",
        "email": "myron_majors@example.com"
    },
    "model": "ws.emergencycontact",
    "pk": 1270
},
{
    "fields": {
        "cell_phone": "412-555-6428",
        "name": "Teresa Sloane",
        "relationship": "Mother",
        "email": "teresa_sloane@example.com"
    },
    "model": "ws.emergencycontact",
    "pk": 1271
},
{
    "fields": {
        "cell_phone": "731-555-7697",
        "name": "Joshua Jones",
        "relationship": "Friend",
        "email": "joshua_jones@example.com"
    },
    "model": "ws.emergencycontact",
    "pk": 1286
},
{
    "fields": {
        "cell_phone": "325-555-2243",
        "name": "Cathy Curlette",
        "relationship": "Mother",
        "email": "cathy_curlette@example.com"
    },
    "model": "ws.emergencycontact",
    "pk": 1288
},
{
    "fields": {
        "cell_phone": "234-555-4185",
        "name": "Carolina Campos",
        "relationship": "Friend",
        "email": "carolina_campos@example.com"
    },
    "model": "ws.emergencycontact",
    "pk": 1304
},
{
    "fields": {
        "allergies": "None",
        "emergency_contact": 1,
        "medications": "None",
        "medical_history": "Nothing relevant"
    },
    "model": "ws.emergencyinfo",
    "pk": 1
},
{
    "fields": {
        "allergies": "gluten",
        "emergency_contact": 3,
        "medications": "None",
        "medical_history": "Nothing relevant"
    },
    "model": "ws.emergencyinfo",
    "pk": 3
},
{
    "fields": {
        "allergies": "pollen",
        "emergency_contact": 8,
        "medications": "None",
        "medical_history": "Nothing relevant"
    },
    "model": "ws.emergencyinfo",
    "pk": 8
},
{
    "fields": {
        "allergies": "gluten",
        "emergency_contact": 15,
        "medications": "None",
        "medical_history": "Nothing relevant"
    },
    "model": "ws.emergencyinfo",
    "pk": 15
},
{
    "fields": {
        "allergies": "pollen",
        "emergency_contact": 19,
        "medications": "None",
        "medical_history": "Nothing relevant"
    },
    "model": "ws.emergencyinfo",
    "pk": 19
},
{
    "fields": {
        "allergies": "None",
        "emergency_contact": 45,
        "medications": "amlodipine besylate",
        "medical_history": "Nothing relevant"
    },
    "model": "ws.emergencyinfo",
    "pk": 45
},
{
    "fields": {
        "allergies": "gluten",
        "emergency_contact": 52,
        "medications": "amlodipine besylate",
        "medical_history": "Nothing relevant"
    },
    "model": "ws.emergencyinfo",
    "pk": 52
},
{
    "fields": {
        "allergies": "None",
        "emergency_contact": 66,
        "medications": "None",
        "medical_history": "Nothing relevant"
    },
    "model": "ws.emergencyinfo",
    "pk": 66
},
{
    "fields": {
        "allergies": "None",
        "emergency_contact": 73,
        "medications": "None",
        "medical_history": "Nothing relevant"
    },
    "model": "ws.emergencyinfo",
    "pk": 73
},
{
    "fields": {
        "allergies": "None",
        "emergency_contact": 113,
        "medications": "None",
        "medical_history": "Nothing relevant"
    },
    "model": "ws.emergencyinfo",
    "pk": 113
},
{
    "fields": {
        "allergies": "None",
        "emergency_contact": 120,
        "medications": "None",
        "medical_history": "Nothing relevant"
    },
    "model": "ws.emergencyinfo",
    "pk": 120
},
{
    "fields": {
        "allergies": "pollen",
        "emergency_contact": 150,
        "medications": "simvastatin",
        "medical_history": "Nothing relevant"
    },
    "model": "ws.emergencyinfo",
    "pk": 150
},
{
    "fields": {
        "allergies": "None",
        "emergency_contact": 173,
        "medications": "omeprazole, 20 mg",
        "medical_history": "Nothing relevant"
    },
    "model": "ws.emergencyinfo",
    "pk": 173
},
{
    "fields": {
        "allergies": "latex",
        "emergency_contact": 212,
        "medications": "None",
        "medical_history": "Nothing relevant"
    },
    "model": "ws.emergencyinfo",
    "pk": 212
},
{
    "fields": {
        "allergies": "None",
        "emergency_contact": 228,
        "medications": "None",
        "medical_history": "Nothing relevant"
    },
    "model": "ws.emergencyinfo",
    "pk": 228
},
{
    "fields": {
        "allergies": "aspirin",
        "emergency_contact": 264,
        "medications": "Lisinopril",
        "medical_history": "Nothing relevant"
    },
    "model": "ws.emergencyinfo",
    "pk": 264
},
{
    "fields": {
        "allergies": "latex",
        "emergency_contact": 315,
        "medications": "levothyroxine sodium",
        "medical_history": "Nothing relevant"
    },
    "model": "ws.emergencyinfo",
    "pk": 315
},
{
    "fields": {
        "allergies": "latex",
        "emergency_contact": 342,
        "medications": "levothyroxine sodium",
        "medical_history": "Nothing relevant"
    },
    "model": "ws.emergencyinfo",
    "pk": 342
},
{
    "fields": {
        "allergies": "latex",
        "emergency_contact": 361,
        "medications": "Lisinopril",
        "medical_history": "Nothing relevant"
    },
    "model": "ws.emergencyinfo",
    "pk": 361
},
{
    "fields": {
        "allergies": "pollen",
        "emergency_contact": 492,
        "medications": "None",
        "medical_history": "Nothing relevant"
    },
    "model": "ws.emergencyinfo",
    "pk": 492
},
{
    "fields": {
        "allergies": "None",
        "emergency_contact": 504,
        "medications": "None",
        "medical_history": "Nothing relevant"
    },
    "model": "ws.emergencyinfo",
    "pk": 504
},
{
    "fields": {
        "allergies": "soy",
        "emergency_contact": 511,
        "medications": "Lisinopril",
        "medical_history": "Nothing relevant"
    },
    "model": "ws.emergencyinfo",
    "pk": 511
},
{
    "fields": {
        "allergies": "peanuts",
        "emergency_contact": 525,
        "medications": "None",
        "medical_history": "Nothing relevant"
    },
    "model": "ws.emergencyinfo",
    "pk": 525
},
{
    "fields": {
        "allergies": "seafood",
        "emergency_contact": 654,
        "medications": "None",
        "medical_history": "Nothing relevant"
    },
    "model": "ws.emergencyinfo",
    "pk": 654
},
{
    "fields": {
        "allergies": "None",
        "emergency_contact": 693,
        "medications": "Lisinopril",
        "medical_history": "Nothing relevant"
    },
    "model": "ws.emergencyinfo",
    "pk": 693
},
{
    "fields": {
        "allergies": "None",
        "emergency_contact": 719,
        "medications": "Lisinopril",
        "medical_history": "Nothing relevant"
    },
    "model": "ws.emergencyinfo",
    "pk": 719
},
{
    "fields": {
        "allergies": "gluten",
        "emergency_contact": 721,
        "medications": "None",
        "medical_history": "Nothing relevant"
    },
    "model": "ws.emergencyinfo",
    "pk": 721
},
{
    "fields": {
        "allergies": "pollen",
        "emergency_contact": 735,
        "medications": "None",
        "medical_history": "Nothing relevant"
    },
    "model": "ws.emergencyinfo",
    "pk": 735
},
{
    "fields": {
        "allergies": "seafood",
        "emergency_contact": 764,
        "medications": "simvastatin",
        "medical_history": "Nothing relevant"
    },
    "model": "ws.emergencyinfo",
    "pk": 764
},
{
    "fields": {
        "allergies": "peanuts",
        "emergency_contact": 782,
        "medications": "amlodipine besylate",
        "medical_history": "Nothing relevant"
    },
    "model": "ws.emergencyinfo",
    "pk": 782
},
{
    "fields": {
        "allergies": "gluten",
        "emergency_contact": 785,
        "medications": "None",
        "medical_history": "Nothing relevant"
    },
    "model": "ws.emergencyinfo",
    "pk": 785
},
{
    "fields": {
        "allergies": "None",
        "emergency_contact": 811,
        "medications": "levothyroxine sodium",
        "medical_history": "Nothing relevant"
    },
    "model": "ws.emergencyinfo",
    "pk": 811
},
{
    "fields": {
        "allergies": "None",
        "emergency_contact": 812,
        "medications": "None",
        "medical_history": "Nothing relevant"
    },
    "model": "ws.emergencyinfo",
    "pk": 812
},
{
    "fields": {
        "allergies": "None",
        "emergency_contact": 813,
        "medications": "None",
        "medical_history": "Nothing relevant"
    },
    "model": "ws.emergencyinfo",
    "pk": 813
},
{
    "fields": {
        "allergies": "latex",
        "emergency_contact": 886,
        "medications": "omeprazole, 20 mg",
        "medical_history": "Nothing relevant"
    },
    "model": "ws.emergencyinfo",
    "pk": 886
},
{
    "fields": {
        "allergies": "None",
        "emergency_contact": 976,
        "medications": "simvastatin",
        "medical_history": "Nothing relevant"
    },
    "model": "ws.emergencyinfo",
    "pk": 976
},
{
    "fields": {
        "allergies": "None",
        "emergency_contact": 977,
        "medications": "None",
        "medical_history": "Nothing relevant"
    },
    "model": "ws.emergencyinfo",
    "pk": 977
},
{
    "fields": {
        "allergies": "gluten",
        "emergency_contact": 980,
        "medications": "None",
        "medical_history": "Nothing relevant"
    },
    "model": "ws.emergencyinfo",
    "pk": 980
},
{
    "fields": {
        "allergies": "peanuts",
        "emergency_contact": 982,
        "medications": "None",
        "medical_history": "Nothing relevant"
    },
    "model": "ws.emergencyinfo",
    "pk": 982
},
{
    "fields": {
        "allergies": "soy",
        "emergency_contact": 991,
        "medications": "None",
        "medical_history": "Nothing relevant"
    },
    "model": "ws.emergencyinfo",
    "pk": 991
},
{
    "fields": {
        "allergies": "penicillin",
        "emergency_contact": 1002,
        "medications": "None",
        "medical_history": "Nothing relevant"
    },
    "model": "ws.emergencyinfo",
    "pk": 1002
},
{
    "fields": {
        "allergies": "None",
        "emergency_contact": 1018,
        "medications": "None",
        "medical_history": "Nothing relevant"
    },
    "model": "ws.emergencyinfo",
    "pk": 1018
},
{
    "fields": {
        "allergies": "None",
        "emergency_contact": 1044,
        "medications": "None",
        "medical_history": "Nothing relevant"
    },
    "model": "ws.emergencyinfo",
    "pk": 1044
},
{
    "fields": {
        "allergies": "latex",
        "emergency_contact": 1076,
        "medications": "insulin",
        "medical_history": "Nothing relevant"
    },
    "model": "ws.emergencyinfo",
    "pk": 1076
},
{
    "fields": {
        "allergies": "seafood",
        "emergency_contact": 1092,
        "medications": "simvastatin",
        "medical_history": "Nothing relevant"
    },
    "model": "ws.emergencyinfo",
    "pk": 1092
},
{
    "fields": {
        "allergies": "None",
        "emergency_contact": 1095,
        "medications": "None",
        "medical_history": "Nothing relevant"
    },
    "model": "ws.emergencyinfo",
    "pk": 1095
},
{
    "fields": {
        "allergies": "None",
        "emergency_contact": 1110,
        "medications": "None",
        "medical_history": "Nothing relevant"
    },
    "model": "ws.emergencyinfo",
    "pk": 1110
},
{
    "fields": {
        "allergies": "seafood",
        "emergency_contact": 1177,
        "medications": "None",
        "medical_history": "Nothing relevant"
    },
    "model": "ws.emergencyinfo",
    "pk": 1177
},
{
    "fields": {
        "allergies": "peanuts",
        "emergency_contact": 1217,
        "medications": "omeprazole, 20 mg",
        "medical_history": "Nothing relevant"
    },
    "model": "ws.emergencyinfo",
    "pk": 1217
},
{
    "fields": {
        "allergies": "peanuts",
        "emergency_contact": 1236,
        "medications": "insulin",
        "medical_history": "Nothing relevant"
    },
    "model": "ws.emergencyinfo",
    "pk": 1236
},
{
    "fields": {
        "allergies": "soy",
        "emergency_contact": 1245,
        "medications": "None",
        "medical_history": "Nothing relevant"
    },
    "model": "ws.emergencyinfo",
    "pk": 1245
},
{
    "fields": {
        "allergies": "wheat",
        "emergency_contact": 1258,
        "medications": "None",
        "medical_history": "Nothing relevant"
    },
    "model": "ws.emergencyinfo",
    "pk": 1258
},
{
    "fields": {
        "allergies": "None",
        "emergency_contact": 1270,
        "medications": "None",
        "medical_history": "Nothing relevant"
    },
    "model": "ws.emergencyinfo",
    "pk": 1270
},
{
    "fields": {
        "allergies": "None",
        "emergency_contact": 1271,
        "medications": "None",
        "medical_history": "Nothing relevant"
    },
    "model": "ws.emergencyinfo",
    "pk": 1271
},
{
    "fields": {
        "allergies": "wheat",
        "emergency_contact": 1286,
        "medications": "levothyroxine sodium",
        "medical_history": "Nothing relevant"
    },
    "model": "ws.emergencyinfo",
    "pk": 1286
},
{
    "fields": {
        "allergies": "None",
        "emergency_contact": 1288,
        "medications": "insulin",
        "medical_history": "Nothing relevant"
    },
    "model": "ws.emergencyinfo",
    "pk": 1288
},
{
    "fields": {
        "allergies": "None",
        "emergency_contact": 1304,
        "medications": "None",
        "medical_history": "Nothing relevant"
    },
    "model": "ws.emergencyinfo",
    "pk": 1304
},
{
    "fields": {
        "terms": "\n<ul>\n  <li>50% off anvils through the end of the year</li>\n  <li>Buy one, get one free on dynamite sticks</li>\n  <li>New customer discounts!</li>\n</ul>\n",
        "name": "Acme Corporation",
        "url": "https://en.wikipedia.org/wiki/Acme_Corporation",
        "time_created": "2016-09-03T22:48:40.863Z",
        "summary": "Discounts for MITOC members",
        "ga_key": "not-a-real-ga-key",
        "last_updated": "2016-10-08T18:30:35.129Z"
    },
    "model": "ws.discount",
    "pk": 1
},
{
    "fields": {
        "attended_lectures": true,
        "last_updated": "2016-09-07T03:05:43.023Z",
        "name": "Hanna Hollowell",
        "discounts": [
            1
        ],
        "car": null,
        "affiliation": "N",
        "user_id": 1,
        "cell_phone": "254-555-1456",
        "emergency_info": 1,
        "email": "hanna_hollowell@example.com"
    },
    "model": "ws.participant",
    "pk": 1
},
{
    "fields": {
        "attended_lectures": true,
        "last_updated": "2016-09-07T03:05:42.959Z",
        "name": "Ashley Alexis",
        "discounts": [],
        "car": null,
        "affiliation": "S",
        "user_id": 2,
        "cell_phone": "731-555-6919",
        "emergency_info": 3,
        "email": "ashley_alexis@example.com"
    },
    "model": "ws.participant",
    "pk": 3
},
{
    "fields": {
        "attended_lectures": true,
        "last_updated": "2016-09-07T03:05:43.088Z",
        "name": "Linn Luckie",
        "discounts": [],
        "car": null,
        "affiliation": "S",
        "user_id": 15,
        "cell_phone": "925-555-8515",
        "emergency_info": 15,
        "email": "linn_luckie@example.com"
    },
    "model": "ws.participant",
    "pk": 15
},
{
    "fields": {
        "attended_lectures": true,
        "last_updated": "2016-09-07T03:05:43.032Z",
        "name": "Jeannie Jenning",
        "discounts": [],
        "car": null,
        "affiliation": "S",
        "user_id": 41,
        "cell_phone": "662-555-8455",
        "emergency_info": 45,
        "email": "jeannie_jenning@example.com"
    },
    "model": "ws.participant",
    "pk": 45
},
{
    "fields": {
        "attended_lectures": true,
        "last_updated": "2016-09-07T03:05:43.153Z",
        "name": "Rosann Rabalais",
        "discounts": [],
        "car": null,
        "affiliation": "S",
        "user_id": 52,
        "cell_phone": "507-555-8088",
        "emergency_info": 52,
        "email": "rosann_rabalais@example.com"
    },
    "model": "ws.participant",
    "pk": 52
},
{
    "fields": {
        "attended_lectures": true,
        "last_updated": "2016-09-07T03:05:43.134Z",
        "name": "Nicky Noland",
        "discounts": [],
        "car": null,
        "affiliation": "S",
        "user_id": 69,
        "cell_phone": "919-555-1872",
        "emergency_info": 66,
        "email": "nicky_noland@example.com"
    },
    "model": "ws.participant",
    "pk": 66
},
{
    "fields": {
        "attended_lectures": true,
        "last_updated": "2016-09-07T03:05:43.149Z",
        "name": "Rima Ruhland",
        "discounts": [],
        "car": null,
        "affiliation": "S",
        "user_id": 75,
        "cell_phone": "414-555-9558",
        "emergency_info": 73,
        "email": "rima_ruhland@example.com"
    },
    "model": "ws.participant",
    "pk": 73
},
{
    "fields": {
        "attended_lectures": true,
        "last_updated": "2016-09-07T03:05:43.158Z",
        "name": "Rosio Rhoda",
        "discounts": [],
        "car": null,
        "affiliation": "N",
        "user_id": 117,
        "cell_phone": "808-555-3003",
        "emergency_info": 113,
        "email": "rosio_rhoda@example.com"
    },
    "model": "ws.participant",
    "pk": 113
},
{
    "fields": {
        "attended_lectures": true,
        "last_updated": "2016-09-07T03:05:43.139Z",
        "name": "Nobuko Nalls",
        "discounts": [],
        "car": null,
        "affiliation": "N",
        "user_id": 124,
        "cell_phone": "863-555-3075",
        "emergency_info": 120,
        "email": "nobuko_nalls@example.com"
    },
    "model": "ws.participant",
    "pk": 120
},
{
    "fields": {
        "attended_lectures": false,
        "last_updated": "2016-09-07T03:05:42.999Z",
        "name": "Delphia Davison",
        "discounts": [],
        "car": null,
        "affiliation": "S",
        "user_id": 222,
        "cell_phone": "339-555-5539",
        "emergency_info": 212,
        "email": "delphia_davison@example.com"
    },
    "model": "ws.participant",
    "pk": 212
},
{
    "fields": {
        "attended_lectures": true,
        "last_updated": "2016-09-07T03:05:43.046Z",
        "name": "Karyn Kottwitz",
        "discounts": [],
        "car": null,
        "affiliation": "S",
        "user_id": 247,
        "cell_phone": "339-555-8093",
        "emergency_info": 228,
        "email": "karyn_kottwitz@example.com"
    },
    "model": "ws.participant",
    "pk": 228
},
{
    "fields": {
        "attended_lectures": true,
        "last_updated": "2016-09-07T03:05:43.055Z",
        "name": "Katy Kunz",
        "discounts": [],
        "car": null,
        "affiliation": "S",
        "user_id": 342,
        "cell_phone": "229-555-8890",
        "emergency_info": 315,
        "email": "katy_kunz@example.com"
    },
    "model": "ws.participant",
    "pk": 315
},
{
    "fields": {
        "attended_lectures": false,
        "last_updated": "2016-09-07T03:05:42.963Z",
        "name": "Ayanna Anker",
        "discounts": [],
        "car": null,
        "affiliation": "S",
        "user_id": 395,
        "cell_phone": "740-555-7974",
        "emergency_info": 361,
        "email": "ayanna_anker@example.com"
    },
    "model": "ws.participant",
    "pk": 361
},
{
    "fields": {
        "attended_lectures": true,
        "last_updated": "2016-09-07T03:05:43.027Z",
        "name": "Hiedi Hoffmann",
        "discounts": [],
        "car": null,
        "affiliation": "M",
        "user_id": 534,
        "cell_phone": "541-555-5791",
        "emergency_info": 504,
        "email": "hiedi_hoffmann@example.com"
    },
    "model": "ws.participant",
    "pk": 501
},
{
    "fields": {
        "attended_lectures": true,
        "last_updated": "2016-09-07T03:05:43.190Z",
        "name": "Wilmer Warrick",
        "discounts": [],
        "car": null,
        "affiliation": "M",
        "user_id": 558,
        "cell_phone": "321-555-1628",
        "emergency_info": 525,
        "email": "wilmer_warrick@example.com"
    },
    "model": "ws.participant",
    "pk": 522
},
{
    "fields": {
        "attended_lectures": false,
        "last_updated": "2016-09-07T03:05:43.018Z",
        "name": "Eugenio Eadie",
        "discounts": [],
        "car": null,
        "affiliation": "N",
        "user_id": 706,
        "cell_phone": "541-555-8778",
        "emergency_info": 654,
        "email": "eugenio_eadie@example.com"
    },
    "model": "ws.participant",
    "pk": 651
},
{
    "fields": {
        "attended_lectures": true,
        "last_updated": "2016-09-07T03:05:43.092Z",
        "name": "Lolita Lavallie",
        "discounts": [],
        "car": null,
        "affiliation": "S",
        "user_id": 749,
        "cell_phone": "724-555-2990",
        "emergency_info": 693,
        "email": "lolita_lavallie@example.com"
    },
    "model": "ws.participant",
    "pk": 690
},
{
    "fields": {
        "attended_lectures": false,
        "last_updated": "2016-09-07T03:05:42.994Z",
        "name": "Cristie Crossett",
        "discounts": [],
        "car": null,
        "affiliation": "M",
        "user_id": 617,
        "cell_phone": "727-555-2643",
        "emergency_info": 719,
        "email": "cristie_crossett@example.com"
    },
    "model": "ws.participant",
    "pk": 716
},
{
    "fields": {
        "attended_lectures": true,
        "last_updated": "2016-09-07T03:05:43.013Z",
        "name": "Ettie Embree",
        "discounts": [
            1
        ],
        "car": null,
        "affiliation": "S",
        "user_id": 660,
        "cell_phone": "346-555-9444",
        "emergency_info": 721,
        "email": "ettie_embree@example.com"
    },
    "model": "ws.participant",
    "pk": 718
},
{
    "fields": {
        "attended_lectures": false,
        "last_updated": "2016-09-07T03:05:43.101Z",
        "name": "Malcolm Morello",
        "discounts": [],
        "car": null,
        "affiliation": "N",
        "user_id": 748,
        "cell_phone": "801-555-4174",
        "emergency_info": 735,
        "email": "malcolm_morello@example.com"
    },
    "model": "ws.participant",
    "pk": 732
},
{
    "fields": {
        "attended_lectures": false,
        "last_updated": "2016-09-07T03:05:43.130Z",
        "name": "Nevada Null",
        "discounts": [],
        "car": null,
        "affiliation": "N",
        "user_id": 833,
        "cell_phone": "818-555-1040",
        "emergency_info": 764,
        "email": "nevada_null@example.com"
    },
    "model": "ws.participant",
    "pk": 761
},
{
    "fields": {
        "attended_lectures": false,
        "last_updated": "2016-09-07T03:05:42.976Z",
        "name": "Chantell Crowl",
        "discounts": [],
        "car": null,
        "affiliation": "S",
        "user_id": 858,
        "cell_phone": "786-555-6180",
        "emergency_info": 782,
        "email": "chantell_crowl@example.com"
    },
    "model": "ws.participant",
    "pk": 779
},
{
    "fields": {
        "attended_lectures": false,
        "last_updated": "2016-09-07T03:05:43.194Z",
        "name": "Winnifred Wojtczak",
        "discounts": [],
        "car": 257,
        "affiliation": "N",
        "user_id": 901,
        "cell_phone": "937-555-7634",
        "emergency_info": 812,
        "email": "winnifred_wojtczak@example.com"
    },
    "model": "ws.participant",
    "pk": 809
},
{
    "fields": {
        "attended_lectures": false,
        "last_updated": "2016-09-07T03:05:43.172Z",
        "name": "Terina Thakkar",
        "discounts": [],
        "car": 258,
        "affiliation": "S",
        "user_id": 902,
        "cell_phone": "561-555-3274",
        "emergency_info": 813,
        "email": "terina_thakkar@example.com"
    },
    "model": "ws.participant",
    "pk": 810
},
{
    "fields": {
        "attended_lectures": false,
        "last_updated": "2016-09-07T03:05:42.948Z",
        "name": "Alvera Atencio",
        "discounts": [],
        "car": null,
        "affiliation": "S",
        "user_id": 1004,
        "cell_phone": "308-555-9296",
        "emergency_info": 886,
        "email": "alvera_atencio@example.com"
    },
    "model": "ws.participant",
    "pk": 883
},
{
    "fields": {
        "attended_lectures": false,
        "last_updated": "2016-09-07T03:05:43.041Z",
        "name": "Karly Kowal",
        "discounts": [],
        "car": null,
        "affiliation": "S",
        "user_id": 1128,
        "cell_phone": "702-555-9997",
        "emergency_info": 976,
        "email": "karly_kowal@example.com"
    },
    "model": "ws.participant",
    "pk": 973
},
{
    "fields": {
        "attended_lectures": false,
        "last_updated": "2016-09-07T03:05:43.111Z",
        "name": "Margaretta Mayhan",
        "discounts": [],
        "car": null,
        "affiliation": "S",
        "user_id": 1062,
        "cell_phone": "218-555-7033",
        "emergency_info": 977,
        "email": "margaretta_mayhan@example.com"
    },
    "model": "ws.participant",
    "pk": 974
},
{
    "fields": {
        "attended_lectures": false,
        "last_updated": "2016-09-07T03:05:43.083Z",
        "name": "Lily Laroque",
        "discounts": [],
        "car": null,
        "affiliation": "S",
        "user_id": 1139,
        "cell_phone": "865-555-6100",
        "emergency_info": 980,
        "email": "lily_laroque@example.com"
    },
    "model": "ws.participant",
    "pk": 977
},
{
    "fields": {
        "attended_lectures": false,
        "last_updated": "2016-09-07T03:05:43.181Z",
        "name": "Valentin Vicini",
        "discounts": [],
        "car": null,
        "affiliation": "N",
        "user_id": 1148,
        "cell_phone": "415-555-1349",
        "emergency_info": 982,
        "email": "valentin_vicini@example.com"
    },
    "model": "ws.participant",
    "pk": 979
},
{
    "fields": {
        "attended_lectures": false,
        "last_updated": "2016-09-07T03:05:42.986Z",
        "name": "Claire Costas",
        "discounts": [],
        "car": null,
        "affiliation": "N",
        "user_id": 1166,
        "cell_phone": "984-555-5910",
        "emergency_info": 991,
        "email": "claire_costas@example.com"
    },
    "model": "ws.participant",
    "pk": 988
},
{
    "fields": {
        "attended_lectures": false,
        "last_updated": "2016-09-07T03:05:42.967Z",
        "name": "Becki Brashears",
        "discounts": [],
        "car": null,
        "affiliation": "N",
        "user_id": 1180,
        "cell_phone": "618-555-1583",
        "emergency_info": 1002,
        "email": "becki_brashears@example.com"
    },
    "model": "ws.participant",
    "pk": 999
},
{
    "fields": {
        "attended_lectures": false,
        "last_updated": "2016-09-07T03:05:43.037Z",
        "name": "Jonah Jacks",
        "discounts": [],
        "car": null,
        "affiliation": "N",
        "user_id": 1122,
        "cell_phone": "617-555-1109",
        "emergency_info": 1018,
        "email": "jonah_jacks@example.com"
    },
    "model": "ws.participant",
    "pk": 1015
},
{
    "fields": {
        "attended_lectures": false,
        "last_updated": "2016-09-07T03:05:42.972Z",
        "name": "Blaine Benner",
        "discounts": [],
        "car": null,
        "affiliation": "M",
        "user_id": 1255,
        "cell_phone": "412-555-5190",
        "emergency_info": 1076,
        "email": "blaine_benner@example.com"
    },
    "model": "ws.participant",
    "pk": 1073
},
{
    "fields": {
        "attended_lectures": false,
        "last_updated": "2016-09-07T03:05:43.125Z",
        "name": "Natashia Nesler",
        "discounts": [],
        "car": null,
        "affiliation": "S",
        "user_id": 1269,
        "cell_phone": "813-555-6276",
        "emergency_info": 1092,
        "email": "natashia_nesler@example.com"
    },
    "model": "ws.participant",
    "pk": 1089
},
{
    "fields": {
        "attended_lectures": false,
        "last_updated": "2016-09-07T03:05:43.050Z",
        "name": "Kathie Kitzman",
        "discounts": [],
        "car": null,
        "affiliation": "N",
        "user_id": 1272,
        "cell_phone": "570-555-5812",
        "emergency_info": 1095,
        "email": "kathie_kitzman@example.com"
    },
    "model": "ws.participant",
    "pk": 1092
},
{
    "fields": {
        "attended_lectures": false,
        "last_updated": "2016-09-07T03:05:43.097Z",
        "name": "Lorilee Lineman",
        "discounts": [],
        "car": null,
        "affiliation": "S",
        "user_id": 1285,
        "cell_phone": "270-555-6173",
        "emergency_info": 1110,
        "email": "lorilee_lineman@example.com"
    },
    "model": "ws.participant",
    "pk": 1107
},
{
    "fields": {
        "attended_lectures": false,
        "last_updated": "2016-09-07T03:05:42.922Z",
        "name": "Aide Ali",
        "discounts": [],
        "car": null,
        "affiliation": "N",
        "user_id": 1161,
        "cell_phone": "307-555-2670",
        "emergency_info": 1177,
        "email": "aide_ali@example.com"
    },
    "model": "ws.participant",
    "pk": 1174
},
{
    "fields": {
        "attended_lectures": false,
        "last_updated": "2016-09-07T03:05:43.106Z",
        "name": "Marco Masi",
        "discounts": [],
        "car": null,
        "affiliation": "S",
        "user_id": 1398,
        "cell_phone": "863-555-8765",
        "emergency_info": 1217,
        "email": "marco_masi@example.com"
    },
    "model": "ws.participant",
    "pk": 1214
},
{
    "fields": {
        "attended_lectures": false,
        "last_updated": "2016-09-07T03:05:43.004Z",
        "name": "Eleanora Everts",
        "discounts": [],
        "car": null,
        "affiliation": "S",
        "user_id": 1417,
        "cell_phone": "619-555-3876",
        "emergency_info": 1236,
        "email": "eleanora_everts@example.com"
    },
    "model": "ws.participant",
    "pk": 1233
},
{
    "fields": {
        "attended_lectures": false,
        "last_updated": "2016-09-07T03:05:43.115Z",
        "name": "Margene Mosby",
        "discounts": [],
        "car": null,
        "affiliation": "S",
        "user_id": 1426,
        "cell_phone": "209-555-4811",
        "emergency_info": 1245,
        "email": "margene_mosby@example.com"
    },
    "model": "ws.participant",
    "pk": 1242
},
{
    "fields": {
        "attended_lectures": false,
        "last_updated": "2016-09-07T03:05:43.078Z",
        "name": "Laurene Le",
        "discounts": [],
        "car": null,
        "affiliation": "M",
        "user_id": 1441,
        "cell_phone": "785-555-3888",
        "emergency_info": 1258,
        "email": "laurene_le@example.com"
    },
    "model": "ws.participant",
    "pk": 1255
},
{
    "fields": {
        "attended_lectures": false,
        "last_updated": "2016-09-07T03:05:42.981Z",
        "name": "Chester Clopton",
        "discounts": [],
        "car": null,
        "affiliation": "S",
        "user_id": 1449,
        "cell_phone": "408-555-5891",
        "emergency_info": 1270,
        "email": "chester_clopton@example.com"
    },
    "model": "ws.participant",
    "pk": 1267
},
{
    "fields": {
        "attended_lectures": false,
        "last_updated": "2016-09-07T03:05:42.990Z",
        "name": "Corrine Cravey",
        "discounts": [],
        "car": null,
        "affiliation": "S",
        "user_id": 1454,
        "cell_phone": "423-555-7100",
        "emergency_info": 1271,
        "email": "corrine_cravey@example.com"
    },
    "model": "ws.participant",
    "pk": 1268
},
{
    "fields": {
        "attended_lectures": false,
        "last_updated": "2016-09-07T03:05:42.954Z",
        "name": "Anette Alcazar",
        "discounts": [
            1
        ],
        "car": 371,
        "affiliation": "S",
        "user_id": 1472,
        "cell_phone": "630-555-4535",
        "emergency_info": 1286,
        "email": "anette_alcazar@example.com"
    },
    "model": "ws.participant",
    "pk": 1283
},
{
    "fields": {
        "attended_lectures": false,
        "last_updated": "2016-09-07T03:05:43.074Z",
        "name": "Latia Lisby",
        "discounts": [],
        "car": null,
        "affiliation": "S",
        "user_id": 1477,
        "cell_phone": "318-555-7327",
        "emergency_info": 1288,
        "email": "latia_lisby@example.com"
    },
    "model": "ws.participant",
    "pk": 1285
},
{
    "fields": {
        "attended_lectures": false,
        "last_updated": "2016-09-07T03:05:43.163Z",
        "name": "Sha Swiney",
        "discounts": [],
        "car": null,
        "affiliation": "S",
        "user_id": 1492,
        "cell_phone": "641-555-3046",
        "emergency_info": 1304,
        "email": "sha_swiney@example.com"
    },
    "model": "ws.participant",
    "pk": 1301
},
{
    "fields": {
        "rating": "CIS",
        "notes": "",
        "participant": 52,
        "activity": "winter_school"
    },
    "model": "ws.leaderrating",
    "pk": 109
},
{
    "fields": {
        "rating": "B coC",
        "notes": "",
        "participant": 73,
        "activity": "winter_school"
    },
    "model": "ws.leaderrating",
    "pk": 125
},
{
    "fields": {
        "rating": "CS",
        "notes": "",
        "participant": 66,
        "activity": "winter_school"
    },
    "model": "ws.leaderrating",
    "pk": 142
},
{
    "fields": {
        "rating": "C",
        "notes": "",
        "participant": 120,
        "activity": "winter_school"
    },
    "model": "ws.leaderrating",
    "pk": 155
},
{
    "fields": {
        "rating": "C",
        "notes": "",
        "participant": 45,
        "activity": "winter_school"
    },
    "model": "ws.leaderrating",
    "pk": 158
},
{
    "fields": {
        "rating": "B",
        "notes": "",
        "participant": 501,
        "activity": "winter_school"
    },
    "model": "ws.leaderrating",
    "pk": 160
},
{
    "fields": {
        "rating": "B coC coI",
        "notes": "",
        "participant": 1,
        "activity": "winter_school"
    },
    "model": "ws.leaderrating",
    "pk": 168
},
{
    "fields": {
        "rating": "A coC coS",
        "notes": "",
        "participant": 3,
        "activity": "winter_school"
    },
    "model": "ws.leaderrating",
    "pk": 190
},
{
    "fields": {
        "rating": "Leader",
        "notes": "",
        "participant": 1,
        "activity": "hiking"
    },
    "model": "ws.leaderrating",
    "pk": 198
},
{
    "fields": {
        "rating": "Single-pitch",
        "notes": "Self-Rescue / WFR",
        "participant": 1,
        "activity": "climbing"
    },
    "model": "ws.leaderrating",
    "pk": 199
},
{
    "fields": {
        "rating": "Hiking chair",
        "notes": "",
        "participant": 120,
        "activity": "hiking"
    },
    "model": "ws.leaderrating",
    "pk": 200
},
{
    "fields": {
        "rating": "Climbing Chair",
        "notes": "",
        "participant": 52,
        "activity": "climbing"
    },
    "model": "ws.leaderrating",
    "pk": 210
},
{
    "fields": {
        "rating": "Whitewater Leader",
        "notes": "",
        "participant": 66,
        "activity": "boating"
    },
    "model": "ws.leaderrating",
    "pk": 218
},
{
    "fields": {
        "rating": "Multi-Pitch",
        "notes": "WFA, Self-Rescue",
        "participant": 809,
        "activity": "climbing"
    },
    "model": "ws.leaderrating",
    "pk": 236
},
{
    "fields": {
        "rating": "Camelot Manager",
        "notes": "",
        "participant": 501,
        "activity": "cabin"
    },
    "model": "ws.leaderrating",
    "pk": 237
},
{
    "fields": {
        "rating": "Camelot Manager",
        "notes": "",
        "participant": 3,
        "activity": "cabin"
    },
    "model": "ws.leaderrating",
    "pk": 239
},
{
    "fields": {
        "rating": "Intervale Manager",
        "notes": "",
        "participant": 120,
        "activity": "cabin"
    },
    "model": "ws.leaderrating",
    "pk": 241
},
{
    "fields": {
        "rating": "Mountain biking chair",
        "notes": "",
        "participant": 45,
        "activity": "biking"
    },
    "model": "ws.leaderrating",
    "pk": 244
},
{
    "fields": {
        "rating": "Leader",
        "notes": "",
        "participant": 3,
        "activity": "hiking"
    },
    "model": "ws.leaderrating",
    "pk": 249
},
{
    "fields": {
        "rating": "Leader",
        "notes": "",
        "participant": 73,
        "activity": "hiking"
    },
    "model": "ws.leaderrating",
    "pk": 250
},
{
    "fields": {
        "rating": "Surfing Chair",
        "notes": "",
        "participant": 973,
        "activity": "boating"
    },
    "model": "ws.leaderrating",
    "pk": 255
},
{
    "fields": {
        "rating": "Surfing Chair",
        "notes": "",
        "participant": 974,
        "activity": "boating"
    },
    "model": "ws.leaderrating",
    "pk": 256
},
{
    "fields": {
        "rating": "Surfing Chair",
        "notes": "",
        "participant": 977,
        "activity": "boating"
    },
    "model": "ws.leaderrating",
    "pk": 257
},
{
    "fields": {
        "rating": "Climbing Chair",
        "notes": "",
        "participant": 810,
        "activity": "climbing"
    },
    "model": "ws.leaderrating",
    "pk": 259
},
{
    "fields": {
        "rating": "Leader",
        "notes": "",
        "participant": 52,
        "activity": "hiking"
    },
    "model": "ws.leaderrating",
    "pk": 272
},
{
    "fields": {
        "rating": "Leader",
        "notes": "",
        "participant": 45,
        "activity": "hiking"
    },
    "model": "ws.leaderrating",
    "pk": 275
},
{
    "fields": {
        "rating": "Co-leader",
        "notes": "",
        "participant": 779,
        "activity": "hiking"
    },
    "model": "ws.leaderrating",
    "pk": 297
},
{
    "fields": {
        "rating": "Co-leader",
        "notes": "",
        "participant": 1089,
        "activity": "hiking"
    },
    "model": "ws.leaderrating",
    "pk": 298
},
{
    "fields": {
        "rating": "Leader",
        "notes": "",
        "participant": 66,
        "activity": "hiking"
    },
    "model": "ws.leaderrating",
    "pk": 324
},
{
    "fields": {
        "rating": "Leader",
        "notes": "",
        "participant": 315,
        "activity": "hiking"
    },
    "model": "ws.leaderrating",
    "pk": 325
},
{
    "fields": {
        "rating": "Co-leader",
        "notes": "",
        "participant": 212,
        "activity": "hiking"
    },
    "model": "ws.leaderrating",
    "pk": 351
},
{
    "fields": {
        "rating": "Leader",
        "notes": "",
        "participant": 501,
        "activity": "hiking"
    },
    "model": "ws.leaderrating",
    "pk": 352
},
{
    "fields": {
        "rating": "Co-leader",
        "notes": "",
        "participant": 974,
        "activity": "hiking"
    },
    "model": "ws.leaderrating",
    "pk": 353
},
{
    "fields": {
        "last_updated": "2016-08-05T20:50:12.928Z",
        "notes": "I'm excited!",
        "participant": 779,
        "trip": 210,
        "time_created": "2016-08-05T20:50:12.928Z"
    },
    "model": "ws.leadersignup",
    "pk": 19
},
{
    "fields": {
        "last_updated": "2016-08-05T21:28:46.209Z",
        "notes": "",
        "participant": 212,
        "trip": 210,
        "time_created": "2016-08-05T21:28:46.209Z"
    },
    "model": "ws.leadersignup",
    "pk": 20
},
{
    "fields": {
        "last_updated": "2016-08-06T02:40:04.801Z",
        "notes": "",
        "participant": 1089,
        "trip": 210,
        "time_created": "2016-08-06T02:40:04.801Z"
    },
    "model": "ws.leadersignup",
    "pk": 21
},
{
    "fields": {
        "last_updated": "2016-08-06T02:49:08.452Z",
        "notes": "",
        "participant": 315,
        "trip": 210,
        "time_created": "2016-08-06T02:49:08.452Z"
    },
    "model": "ws.leadersignup",
    "pk": 22
},
{
    "fields": {
        "last_updated": "2016-08-06T15:49:53.498Z",
        "notes": "",
        "participant": 3,
        "trip": 210,
        "time_created": "2016-08-06T15:49:53.498Z"
    },
    "model": "ws.leadersignup",
    "pk": 23
},
{
    "fields": {
        "last_updated": "2016-09-03T21:10:32.390Z",
        "notes": "1. Both\r\n2. None\r\n3. Alum-ish",
        "participant": 501,
        "trip": 220,
        "time_created": "2016-09-03T21:10:32.390Z"
    },
    "model": "ws.leadersignup",
    "pk": 32
},
{
    "fields": {
        "last_updated": "2016-01-26T22:58:52Z",
        "notes": "Mt Rainier",
        "time_created": "2016-01-26T22:58:52Z",
        "order": 3,
        "participant": 690,
        "manual_order": null,
        "on_trip": false,
        "trip": 149
    },
    "model": "ws.signup",
    "pk": 3132
},
{
    "fields": {
        "last_updated": "2016-01-27T01:13:52Z",
        "notes": "Mt Washington",
        "time_created": "2016-01-27T01:13:52Z",
        "order": null,
        "participant": 15,
        "manual_order": null,
        "on_trip": false,
        "trip": 149
    },
    "model": "ws.signup",
    "pk": 3144
},
{
    "fields": {
        "last_updated": "2016-01-27T02:39:13Z",
        "notes": "North Kinsman",
        "time_created": "2016-01-27T02:39:13Z",
        "order": 2,
        "participant": 113,
        "manual_order": null,
        "on_trip": false,
        "trip": 149
    },
    "model": "ws.signup",
    "pk": 3162
},
{
    "fields": {
        "last_updated": "2016-01-27T04:25:31Z",
        "notes": "Mt Madison",
        "time_created": "2016-01-27T04:25:31Z",
        "order": null,
        "participant": 732,
        "manual_order": 3,
        "on_trip": true,
        "trip": 149
    },
    "model": "ws.signup",
    "pk": 3204
},
{
    "fields": {
        "last_updated": "2016-01-27T05:59:27Z",
        "notes": "Can't decide!",
        "time_created": "2016-01-27T05:59:27Z",
        "order": 4,
        "participant": 716,
        "manual_order": null,
        "on_trip": false,
        "trip": 149
    },
    "model": "ws.signup",
    "pk": 3246
},
{
    "fields": {
        "last_updated": "2016-06-24T16:15:59.195Z",
        "notes": "",
        "time_created": "2016-06-24T16:15:59.195Z",
        "order": null,
        "participant": 999,
        "manual_order": null,
        "on_trip": true,
        "trip": 197
    },
    "model": "ws.signup",
    "pk": 4011
},
{
    "fields": {
        "last_updated": "2016-06-27T03:12:11.031Z",
        "notes": "",
        "time_created": "2016-06-27T03:12:11.031Z",
        "order": null,
        "participant": 979,
        "manual_order": null,
        "on_trip": true,
        "trip": 197
    },
    "model": "ws.signup",
    "pk": 4014
},
{
    "fields": {
        "last_updated": "2016-08-17T16:29:12.941Z",
        "notes": "1. No 2. Intermediate 3. I'd prefer a single 4. No",
        "time_created": "2016-08-17T16:29:12.941Z",
        "order": null,
        "participant": 779,
        "manual_order": null,
        "on_trip": true,
        "trip": 213
    },
    "model": "ws.signup",
    "pk": 4254
},
{
    "fields": {
        "last_updated": "2016-08-19T00:53:24.801Z",
        "notes": "1. Yes, seats five 2. Beginner paddler 3. no preference 4. no",
        "time_created": "2016-08-19T00:53:24.801Z",
        "order": null,
        "participant": 1015,
        "manual_order": null,
        "on_trip": true,
        "trip": 213
    },
    "model": "ws.signup",
    "pk": 4255
},
{
    "fields": {
        "last_updated": "2016-09-04T00:53:02.554Z",
        "notes": "1. Hike 2. None 3. Grad student",
        "time_created": "2016-09-04T00:53:02.554Z",
        "order": null,
        "participant": 718,
        "manual_order": null,
        "on_trip": false,
        "trip": 220
    },
    "model": "ws.signup",
    "pk": 4372
},
{
    "fields": {
        "last_updated": "2016-09-04T21:44:28.681Z",
        "notes": "1. Climb 2. soy 3. Unaffiliated",
        "time_created": "2016-09-04T21:44:28.681Z",
        "order": null,
        "participant": 1073,
        "manual_order": null,
        "on_trip": false,
        "trip": 220
    },
    "model": "ws.signup",
    "pk": 4374
},
{
    "fields": {
        "last_updated": "2016-09-04T21:44:38.189Z",
        "notes": "1. Climb 2. None 3. Unaffiliated",
        "time_created": "2016-09-04T21:44:38.189Z",
        "order": null,
        "participant": 1255,
        "manual_order": null,
        "on_trip": false,
        "trip": 220
    },
    "model": "ws.signup",
    "pk": 4375
},
{
    "fields": {
        "last_updated": "2016-09-04T21:49:01.959Z",
        "notes": "1. Hike 2. None 3. Grad student",
        "time_created": "2016-09-04T21:49:01.959Z",
        "order": null,
        "participant": 1267,
        "manual_order": null,
        "on_trip": false,
        "trip": 220
    },
    "model": "ws.signup",
    "pk": 4376
},
{
    "fields": {
        "last_updated": "2016-09-04T22:01:35.804Z",
        "notes": "1. Climb 2. None 3. Unaffiliated",
        "time_created": "2016-09-04T22:01:35.804Z",
        "order": null,
        "participant": 1268,
        "manual_order": null,
        "on_trip": false,
        "trip": 220
    },
    "model": "ws.signup",
    "pk": 4377
},
{
    "fields": {
        "last_updated": "2016-09-04T22:03:22.484Z",
        "notes": "1. Climb 2. None 3. Undergrad",
        "time_created": "2016-09-04T22:03:22.484Z",
        "order": null,
        "participant": 761,
        "manual_order": null,
        "on_trip": false,
        "trip": 220
    },
    "model": "ws.signup",
    "pk": 4378
},
{
    "fields": {
        "last_updated": "2016-09-04T22:07:01.979Z",
        "notes": "1. Hike 2. None 3. Undergrad",
        "time_created": "2016-09-04T22:07:01.979Z",
        "order": null,
        "participant": 1242,
        "manual_order": null,
        "on_trip": false,
        "trip": 220
    },
    "model": "ws.signup",
    "pk": 4379
},
{
    "fields": {
        "last_updated": "2016-09-04T22:12:00.252Z",
        "notes": "1. Climb 2. None 3. Undergrad",
        "time_created": "2016-09-04T22:12:00.252Z",
        "order": null,
        "participant": 522,
        "manual_order": null,
        "on_trip": false,
        "trip": 220
    },
    "model": "ws.signup",
    "pk": 4380
},
{
    "fields": {
        "last_updated": "2016-09-04T22:25:23.869Z",
        "notes": "1. Both 2. None 3. Undergrad",
        "time_created": "2016-09-04T22:25:23.869Z",
        "order": null,
        "participant": 988,
        "manual_order": null,
        "on_trip": false,
        "trip": 220
    },
    "model": "ws.signup",
    "pk": 4381
},
{
    "fields": {
        "last_updated": "2016-09-05T00:13:19.249Z",
        "notes": "1. Hike 2. None 3. Unaffiliated",
        "time_created": "2016-09-05T00:13:19.249Z",
        "order": null,
        "participant": 1107,
        "manual_order": null,
        "on_trip": false,
        "trip": 220
    },
    "model": "ws.signup",
    "pk": 4382
},
{
    "fields": {
        "last_updated": "2016-09-05T01:06:57.226Z",
        "notes": "1. Hike 2. None 3. Undergrad",
        "time_created": "2016-09-05T01:06:57.226Z",
        "order": null,
        "participant": 883,
        "manual_order": null,
        "on_trip": false,
        "trip": 220
    },
    "model": "ws.signup",
    "pk": 4384
},
{
    "fields": {
        "turnaround_time": "2pm",
        "start_time": "8:30",
        "drivers": [],
        "worry_time": "8pm",
        "itinerary": "Meet at Highland Center at 8:30. Take the Crawford path to Mt Pierce. Potentially continue to Mt Eisenhower, since the weather seems glorious.",
        "start_location": "Highland Center",
        "return_time": "5pm"
    },
    "model": "ws.tripinfo",
    "pk": 137
},
{
    "fields": {
        "info": 137,
        "trip_date": "2016-01-31",
        "last_edited": "2016-01-24T22:05:25Z",
        "description": "Get ready to rock out in your onesie atop Mt Pierce. It's a relaxed 6 mile 2000 ft of elevation gain hike, with options to add on Eisenhower or Jackson if we are feeling super comfortable and the weather is glorious. This is an above-treeline hike and some previous winter experience is required.\r\n\r\nAnd in addition to your onesie, there will be hot cocoa to help warm you up after the summit. ",
        "algorithm": "fcfs",
        "creator": 66,
        "prereqs": "enthusiasm about silly hike ideas, not your first winter hike",
        "allow_leader_signups": false,
        "signups_open_at": "2016-01-27T17:00:00Z",
        "time_created": "2016-01-24T22:05:25Z",
        "difficulty_rating": "medium",
        "maximum_participants": 5,
        "notes": "What's your favorite winter trip?",
        "activity": "winter_school",
        "let_participants_drop": false,
        "leaders": [
            1,
            501,
            66
        ],
        "level": "C",
        "wsc_approved": true,
        "signups_close_at": "2016-01-31T04:59:59Z",
        "name": "Onesies on Mt Pierce"
    },
    "model": "ws.trip",
    "pk": 149
},
{
    "fields": {
        "info": null,
        "trip_date": "2016-06-29",
        "last_edited": "2016-06-24T15:42:36.624Z",
        "description": "We will practice self rescue skills by going through scenarios.",
        "algorithm": "fcfs",
        "creator": 809,
        "prereqs": "self rescue course",
        "allow_leader_signups": false,
        "signups_open_at": "2016-06-24T15:42:36.623Z",
        "time_created": "2016-06-24T15:42:36.624Z",
        "difficulty_rating": "easy",
        "maximum_participants": 99,
        "notes": "",
        "activity": "official_event",
        "let_participants_drop": false,
        "leaders": [
            809
        ],
        "level": null,
        "wsc_approved": false,
        "signups_close_at": "2016-06-29T03:59:59Z",
        "name": "self rescue TRS"
    },
    "model": "ws.trip",
    "pk": 197
},
{
    "fields": {
        "info": null,
        "trip_date": "2016-09-03",
        "last_edited": "2016-08-01T14:27:46.390Z",
        "description": "Lead a trip for incoming grad students: If you're a 3-season hiking leader, we need your help to lead hikes on the Graduate Student Council (GSC) hiking trip on Saturday, Sep 3.\n\nEvery fall MITOC and the GSC organize a hiking trip as part of the orientation week for incoming grad students. The GSC charters two buses; one goes to Franconia, the other to Ferncroft. We split into groups of ~8, hike, and the leaders (this would be you) lead an easy-medium 6-8h hike.\n\nThis signup is for the 16 leaders we need to run this trip. Your responsibilities would be to lead a hike and be back to the bus by 6. You don't have to be a grad student, be MIT-affiliated, or have experience organizing large trips. MITOC and the GSC are organizing trip signups, transportation, food, emails, and all other logistics. We'll plan the hiking routes and turnaround times, and provide free breakfast and dinner for leaders. We just need you to hop on the bus, lead a hike when you get to the trailhead, and be back on time :)",
        "algorithm": "fcfs",
        "creator": 120,
        "prereqs": "Hiking leader or co-leader",
        "allow_leader_signups": true,
        "signups_open_at": "2016-09-03T11:00:00Z",
        "time_created": "2016-08-01T14:27:46.390Z",
        "difficulty_rating": "Easy - Med",
        "maximum_participants": 0,
        "notes": "",
        "activity": "hiking",
        "let_participants_drop": false,
        "leaders": [
            3,
            779,
            212,
            315,
            1089,
            120
        ],
        "level": null,
        "wsc_approved": false,
        "signups_close_at": "2016-09-05T11:00:01Z",
        "name": "[Leaders] GSC Hiking Trip Leaders"
    },
    "model": "ws.trip",
    "pk": 210
},
{
    "fields": {
        "info": null,
        "trip_date": "2016-08-21",
        "last_edited": "2016-08-17T01:19:14.764Z",
        "description": "Paddle trip to include the Brewster Islands and possibly the Graves light, conditions permitting. The level is advanced beginner to intermediate (capable of moderate paddle pace to keep group together and general idea of basic rescue procedure). Distance of 10-12 miles with 2 stops. Both tandems and a number of singles will be used. Current MITOC membership required. Ability to dress in non-cotton required. Trip fee is $15, pay MITOC to confirm after trip leader approves Will meet at MITOC boat room area at 8:00 am.\r\n",
        "algorithm": "fcfs",
        "creator": 1,
        "prereqs": "MITOC membership, ability to swim, ability to properly dress in non-cotton for water temperature, advanced beginner to intermediate level skills",
        "allow_leader_signups": false,
        "signups_open_at": "2016-08-17T01:15:39Z",
        "time_created": "2016-08-17T01:19:14.764Z",
        "difficulty_rating": "Advanced beginner to intermediate",
        "maximum_participants": 8,
        "notes": "1. Do you have car to use and number of passengers\r\n2. Summarize briefly paddle experience\r\n3. Are you willing to go in tandem or prefer single only\r\n4. Do you have late afternoon constraints that would preclude possible dinner after",
        "activity": "boating",
        "let_participants_drop": false,
        "leaders": [],
        "level": null,
        "wsc_approved": false,
        "signups_close_at": "2016-08-19T21:00:00Z",
        "name": "Outer Boston Harbor Sea Kayak"
    },
    "model": "ws.trip",
    "pk": 213
},
{
    "fields": {
        "info": null,
        "trip_date": "2016-09-17",
        "last_edited": "2016-09-02T22:38:00.895Z",
        "description": "Come spend a weekend in New Hampshire hiking, climbing, eating, roasting marshmallows, and singing around a campfire!\r\n\r\n### What's a Circus?\r\n\r\nCircuses are a weekend of hiking and climbing trips based out of MITOC's Camelot cabin in Groton, NH. It's a great way to meet fellow outdoorsy folks and check out the White Mountains.\r\n\r\nWe will provide breakfast Saturday and Sunday, dinner Saturday, s'mores materials, gear rentals (sleeping bags, foam pads, climbing gear), and volunteers to lead trips on Saturday and Sunday.\r\n\r\n### I'm interested! Now what?\r\n\r\n**1\\. Become a MITOC member if you aren't one already.** Benefits include being able to rent super-cheap gear, stay in our cabins, come on trips like this, and more. You become a member by signing a waiver and paying the annual membership fee ($15 for students, $20 for MIT affiliates, $25 for others.) You can do both [here](http://mitoc.mit.edu/#join).\r\n\r\n**2\\. Sign up for the trip on this page before midnight on Monday, September 12\\.** Unlike previous circuses, signups will be done using a random lottery, so it doesn't matter whether you sign up now or right before the deadline. You will be notified whether you got a spot on Tuesday, September 13\\. If you didn't get a spot, don't despair! There are usually some participants who drop off the trip, so we can often take many of the people on the waiting list.\r\n\r\n**3\\. Attend the mandatory pre-trip meeting Wednesday, September 14 at 7pm in the MITOC office (W20-461.)** We'll discuss logistics, then you can rent any gear you need. _If you're renting gear, please bring a checkbook to put down a security deposit. If you don't have checks, find a friend who does._\r\n\r\n**4\\. Pay the trip fee.** The cost is $20 for students, $30 for all others, $5 less for drivers. It covers all gear rentals (sleeping bags, pads, climbing gear, etc.), breakfast Saturday and Sunday, dinner on Saturday, cabin upkeep, and White Mountain National Forest permits. MITOC does not profit from circus trip fees. There are no refunds, so signing and paying is a commitment to join the trip. Don't pay your trip fee until you've attended the pre-trip meeting and are guaranteed a spot!\r\n\r\n### Schedule\r\n\r\n**Friday, September 16:** Carpool up to the cabin. It takes about 2.5 hours to get to Camelot without traffic, so most people will leave between 6 and 7 PM. Everyone should plan to be at the cabin by 10 PM, when we meet to plan hiking and climbing trips for Saturday.\r\n\r\n**Saturday, September 17:** Hiking and climbing trips in the White Mountains! Yay! Everyone will return to the cabin Saturday night, and we'll cook dinner, roast marshmallows, and plan trips for Sunday.\r\n\r\n**Sunday, September 18:** Clean up the cabin in the morning. More trips. You return directly to Cambridge after your Sunday trip; return time varies depending on the length of your trip.\r\n\r\n_MITOC is not a guide service. We are an all-volunteer organization dedicated to helping the MIT community enjoy the great outdoors. Unexpected events happen. If you sign up, be prepared to be flexible!_\r\n\r\n**Questions?** Contact circus-chair@mit.edu",
        "algorithm": "lottery",
        "creator": 73,
        "prereqs": "None",
        "allow_leader_signups": true,
        "signups_open_at": "2016-09-02T22:23:12Z",
        "time_created": "2016-09-02T22:38:00.895Z",
        "difficulty_rating": "All skill levels",
        "maximum_participants": 70,
        "notes": "1. Would you prefer to hike or climb?\r\n2. Do you have any dietary restrictions?\r\n3. What's your MIT affiliation? (undergrad, grad, alum, staff, other, none...)",
        "activity": "circus",
        "let_participants_drop": false,
        "leaders": [
            501,
            73
        ],
        "level": null,
        "wsc_approved": false,
        "signups_close_at": "2016-09-13T03:59:00Z",
        "name": "Intro Circus"
    },
    "model": "ws.trip",
    "pk": 220
},
{
    "fields": {
        "showed_up": true,
        "participant": 732,
        "time_created": "2016-02-01T13:16:50Z",
        "trip": 149,
        "comments": "Something about participant's performance on trip",
        "leader": 1
    },
    "model": "ws.feedback",
    "pk": 1237
},
{
    "fields": {
        "trip": 149
    },
    "model": "ws.waitlist",
    "pk": 149
},
{
    "fields": {
        "trip": 197
    },
    "model": "ws.waitlist",
    "pk": 197
},
{
    "fields": {
        "trip": 210
    },
    "model": "ws.waitlist",
    "pk": 210
},
{
    "fields": {
        "trip": 213
    },
    "model": "ws.waitlist",
    "pk": 213
},
{
    "fields": {
        "trip": 220
    },
    "model": "ws.waitlist",
    "pk": 220
}
]
